{
    "camera": {
        "location": [
            0.0,
            -7.0,
            5.0
        ],
        "world": [
            [
                1.0,
                0.0,
                0.0,
                0.0
            ],
            [
                0.0,
                0.5735764503479004,
                -0.8191520571708679,
                -7.0
            ],
            [
                0.0,
                0.8191520571708679,
                0.5735764503479004,
                5.0
            ],
            [
                0.0,
                0.0,
                0.0,
                1.0
            ]
        ],
        "flocal_length": 90.0,
        "film_x": 36.0,
        "film_y": 36.0,
        "angle_x": 0.3947911262512207,
        "angle_y": 0.2651030719280243,
        "near": 0.0010000000474974513,
        "far": 100.0,
        "project_mat": [
            [
                4.999999914831032,
                0,
                0,
                0
            ],
            [
                0,
                4.999999914831032,
                0,
                0
            ],
            [
                0,
                0,
                -1.000020000200952,
                -0.0020000200951968044
            ],
            [
                0,
                0,
                -1,
                0
            ]
        ]
    }
}