{
    "camera": {
        "location": [
            0.0,
            -7.0,
            5.0
        ],
        "world": [
            [
                0.9999110102653503,
                -0.0076521593146026134,
                0.01092841662466526,
                0.09338793158531189
            ],
            [
                0.013341132551431656,
                0.5735254287719727,
                -0.8190791606903076,
                -6.999377250671387
            ],
            [
                0.0,
                0.8191520571708679,
                0.5735764503479004,
                5.0
            ],
            [
                0.0,
                0.0,
                0.0,
                1.0
            ]
        ],
        "flocal_length": 90.0,
        "film_x": 36.0,
        "film_y": 36.0,
        "angle_x": 0.3947911262512207,
        "angle_y": 0.2651030719280243,
        "near": 0.0010000000474974513,
        "far": 100.0,
        "project_mat": [
            [
                4.999999914831032,
                0,
                0,
                0
            ],
            [
                0,
                4.999999914831032,
                0,
                0
            ],
            [
                0,
                0,
                -1.000020000200952,
                -0.0020000200951968044
            ],
            [
                0,
                0,
                -1,
                0
            ]
        ]
    },
    "light": {
        "back": {
            "location": [
                -5.0,
                5.0,
                5.0
            ]
        },
        "front": {
            "location": [
                3.0,
                -3.0,
                3.0
            ]
        }
    },
    "obj": {
        "location": [
            0.0,
            0.0,
            0.0
        ],
        "world": [
            [
                1.0,
                0.0,
                0.0,
                0.0
            ],
            [
                0.0,
                -1.6292068494294654e-07,
                -1.0,
                0.0
            ],
            [
                0.0,
                1.0,
                -1.6292068494294654e-07,
                0.0
            ],
            [
                0.0,
                0.0,
                0.0,
                1.0
            ]
        ]
    }
}