{
    "camera": {
        "location": [
            0.0,
            -3.0,
            4.0
        ],
        "world": [
            [
                1.0,
                0.0,
                0.0,
                0.0
            ],
            [
                0.0,
                0.8000000715255737,
                -0.6000000238418579,
                -3.0
            ],
            [
                0.0,
                0.5999999642372131,
                0.800000011920929,
                4.0
            ],
            [
                0.0,
                0.0,
                0.0,
                1.0
            ]
        ],
        "flocal_length": 50.0,
        "film_x": 36.0,
        "film_y": 36.0,
        "angle_x": 0.691111147403717,
        "angle_y": 0.4710899591445923,
        "near": 0.10000000149011612,
        "far": 100.0,
        "project_mat": [
            [
                2.777777837742923,
                0,
                0,
                0
            ],
            [
                0,
                2.777777837742923,
                0,
                0
            ],
            [
                0,
                0,
                -1.002002002031864,
                -0.20020020318640186
            ],
            [
                0,
                0,
                -1,
                0
            ]
        ]
    },
    "light": {
        "back": {
            "location": [
                -3.0,
                5.0,
                5.0
            ]
        },
        "front": {
            "location": [
                1.7999999523162842,
                -3.0,
                3.0
            ]
        }
    },
    "obj": {
        "location": [
            0.0,
            0.0,
            0.0
        ],
        "world": [
            [
                1.0,
                0.0,
                0.0,
                0.0
            ],
            [
                0.0,
                1.0,
                0.0,
                0.0
            ],
            [
                0.0,
                0.0,
                1.0,
                0.0
            ],
            [
                0.0,
                0.0,
                0.0,
                1.0
            ]
        ]
    }
}